Living Area,Age,Price,Bedrooms,Bathrooms,Fireplaces,Sold
1680,31,196809,3,1.5,0,1
1442,27,200000,3,1.5,2,0
1785,1,199039,3,2.5,1,1
1480,19,165500,3,1.5,0,1
1845,0,214997,2,2.5,1,0
2822,1,365000,4,2.5,1,1
2569,4,325000,3,2.5,0,0
2791,1,459450,4,2.5,1,1
1346,18,490000,3,2,1,1
969,124,170000,3,1,0,0
768,12,110000,1,1,0,1
2399,1,312933,4,2.5,1,1
1480,20,131000,3,1.5,0,0
3109,0,344299,4,2.5,1,1
3140,16,364000,3,2,0,1
1385,17,122100,2,1.5,1,0
2025,21,255000,4,2.5,0,1
2038,11,165000,4,2,0,0
2541,7,368000,4,2.5,1,1
1360,5,215000,3,2.5,0,0
960,41,161800,3,1,0,1
780,35,90473,2,1,0,0
2040,12,233000,4,2.5,1,0
2310,33,230000,4,2.5,1,0
1297,19,207000,3,2,1,0
1287,31,169500,3,1.5,0,1
1857,32,187500,4,2.5,1,0
1628,18,176000,3,2.5,1,0
1428,142,218000,3,1,0,0
1008,38,154000,3,1,0,0
1184,17,139900,3,2,0,0
1652,52,199000,3,1,0,1
1772,0,208598,3,2.5,1,0
720,46,90000,2,1,0,0
2810,64,70000,1,1,3,0
2600,0,346000,3,2.5,1,1
2969,1,274779,4,2.5,1,0
1545,205,32500,3,1,0,0
1574,13,179900,3,1.5,1,0
1932,4,305000,4,2.5,1,0
1492,70,500000,3,1,0,1
1585,19,225000,3,1.5,0,1
2641,99,360000,4,2,0,1
988,19,112500,2,2,0,0
1560,7,250000,3,2.5,0,1
2473,0,232000,4,3.5,1,0
1664,15,175000,4,1,0,0
1700,26,114000,3,1.5,1,0
1000,91,100000,3,1,0,0
1378,30,154500,3,1,1,0
2793,0,251070,4,2.5,1,0
3231,0,451268,5,2.5,1,0
1292,21,176000,3,1.5,0,0
1272,44,169500,4,1.5,0,0
1638,25,155000,4,2,0,0
2445,18,275000,4,2.5,2,0
3440,1,560000,5,4,1,1
1385,18,143000,2,1.5,0,0
2532,15,305000,4,2.5,1,0
1571,23,249900,3,2,2,0
1512,12,219900,3,2,1,1
2650,34,229900,5,2.5,1,1
1514,16,120000,3,2,0,0
1248,84,70000,3,1,0,0
1632,39,210000,4,1.5,1,0
1854,32,230000,4,2,1,1
1056,28,230000,3,1.5,1,0
1380,0,108400,3,2,0,0
2873,0,312880,4,2.5,1,1
3030,1,295128,4,2.5,1,0
1248,0,134800,3,1.5,0,0
1586,37,180000,3,1.5,1,0
2622,12,289000,4,2.5,1,0
1099,7,150000,2,2,0,0
1292,52,260000,3,1.5,0,0
2300,11,187500,3,1.5,1,0
1202,18,141700,2,1.5,0,0
1512,15,169000,3,2,0,1
2184,1,265000,3,2.5,1,0
2000,25,183000,4,2.5,1,0
1779,40,215000,4,1.5,1,1
1508,17,223000,3,1.5,1,0
2353,6,256000,4,2.5,1,0
1072,14,166500,2,1,0,0
1375,20,161000,2,1.5,1,1
2164,35,199900,4,2.5,1,0
2310,32,230000,4,2.5,1,0
2310,34,280000,5,2.5,1,1
1533,1,189090,3,2,0,1
1508,16,166500,3,2,1,0
1932,20,139000,3,1.5,0,0
1704,17,202500,3,2.5,1,0
1533,29,169900,3,1.5,1,0
1680,27,280000,3,2,1,1
1690,17,219900,3,2,1,0
2050,10,204000,3,2.5,0,0
2576,84,121500,5,2,0,0
2728,11,307500,3,2.5,1,0
2120,10,289000,4,2.5,0,1
1410,9,219450,3,2.5,1,0
2056,3,285000,4,2.5,1,0
2376,10,300000,4,2.5,1,1
2915,15,360000,4,3,1,0
1756,33,185000,4,1.5,1,0
2327,25,207000,3,1.5,1,0
912,20,105000,2,1.5,0,0
2045,18,245000,4,2.5,1,1
2060,54,95000,4,2,0,0
945,20,146500,2,1,1,0
2280,5,196000,3,3,1,0
3719,0,450090,5,4,2,1
2086,17,275000,4,2,1,1
1660,113,144200,4,1.5,1,0
2374,0,226500,4,2.5,1,0
2440,42,152000,5,2.5,1,0
1480,16,160000,2,2.5,1,1
1479,22,165000,3,1.5,0,1
2610,13,325000,3,2.5,1,0
2047,25,172500,4,2.5,1,0
2871,1,375000,4,2.5,1,1
960,39,127000,3,1,0,1
944,103,132000,3,2,0,0
2738,1,386000,4,2.5,1,0
2520,16,375000,4,2.5,1,0
2612,27,285000,4,2.5,1,1
1384,73,134800,3,2,0,0
1924,36,230000,3,2.5,1,1
1432,6,185000,3,1.5,1,0
1368,38,172000,3,1.5,0,0
1745,38,178000,4,1.5,1,0
1380,0,95497,3,1.5,0,0
3370,11,465000,4,3,1,0
1008,79,170000,3,2,0,0
1124,24,150000,1,1,0,0
1650,1,275900,3,2,1,0
1748,20,170000,2,2,0,0
1640,32,173000,4,1.5,0,0
1876,15,210500,3,2,0,1
2212,16,230000,4,2.5,1,1
1890,25,172000,3,2.5,1,0
2656,1,230245,4,2.5,1,0
3538,1,450965,5,4,1,0
2320,16,266000,4,2.5,1,0
1600,134,215000,4,1.5,0,1
1252,19,230000,3,2,1,0
992,1,126025,3,1,1,0
2464,32,187900,5,2.5,1,0
1996,78,464000,3,3.5,1,0
2212,24,210000,4,2.5,1,0
1218,0,130500,3,1.5,1,0
3864,17,545000,4,3.5,3,0
1008,41,124900,3,1,0,0
1971,11,260000,4,2.5,0,1
1290,15,214000,2,1.5,0,1
2392,3,303900,4,2.5,1,1
2296,17,248500,4,2.5,1,1
1728,12,225000,3,1.5,1,0
988,20,113500,2,2,0,0
1456,2,137800,3,2,0,0
2822,1,495830,4,2.5,2,1
2644,14,409000,4,2.5,1,1
1964,22,236000,3,1.5,1,1
1780,27,255000,3,2.5,1,1
1344,16,125000,3,1.5,0,0
1752,10,235000,3,2.5,1,0
1736,130,92200,3,2,0,0
3284,31,240000,4,2,1,0
1380,0,113031,3,2,0,0
3238,1,590000,3,2.5,0,1
2407,0,314003,4,2.5,1,0
2773,5,350000,3,2.5,1,0
1560,28,185000,3,1,1,0
1996,4,294000,3,2.5,1,1
1480,10,158000,3,2.5,1,0
2336,27,217400,3,1.5,1,1
2216,1,194850,4,2.5,1,0
2914,19,424200,4,3.5,1,1
1886,29,185000,4,1.5,1,0
1320,35,135000,2,1,0,0
1631,0,146470,3,2,0,0
2096,0,256690,2,2,1,0
1916,16,171900,3,1.5,1,0
1715,3,239900,3,2,1,0
1397,14,160000,3,1.5,0,0
2752,9,400000,5,3,1,1
2676,33,161225,4,2.5,1,0
1104,36,119900,4,1,0,0
2226,8,344900,4,2.5,1,0
2060,17,317700,3,2.5,1,1
3002,2,290000,5,2.5,1,0
2707,1,321900,4,3,0,0
832,35,177160,3,1,0,1
1708,14,348000,2,2,1,1
840,44,112200,2,1,0,0
1296,30,150000,3,1,0,0
1436,18,238700,3,2,1,1
2252,1,297415,4,2.5,0,0
1740,16,295000,3,2.5,1,0
1598,17,202500,3,2,1,1
1314,19,119900,2,1.5,1,0
1456,0,154530,3,2.5,1,0
3355,1,285500,4,2.5,1,0
2744,14,370000,4,2.5,1,1
2558,22,325000,4,2.5,1,1
1734,34,194500,4,1.5,1,0
2307,2,335000,4,2.5,1,0
2093,0,295795,3,2.5,1,1
2510,0,279850,4,2.5,1,0
908,17,126000,2,1,0,0
2823,1,437650,4,2.5,1,1
2134,0,230060,3,2.5,1,0
1886,0,238384,3,2,1,0
2665,0,263008,4,2.5,1,0
1480,16,153000,2,2.5,0,1
1416,0,148840,3,1.5,0,0
1343,16,139000,2,1.5,1,0
2387,53,106500,3,1,0,0
2199,1,194170,2,2,1,0
1948,13,260000,3,2.5,1,1
2360,17,340000,4,2.5,1,1
1894,0,222040,3,2,1,0
1271,17,151000,2,1.5,1,0
2250,16,341000,3,2.5,1,1
2372,16,258000,3,2.5,1,0
1750,9,299900,4,2.5,0,1
1610,11,218800,3,2.5,1,1
1612,16,265800,3,2,1,1
3140,10,412000,3,3.5,0,0
1092,3,259981,2,1.5,0,1
1632,28,189000,3,1.5,1,1
2310,40,219900,5,2.5,1,1
1480,19,125000,3,1.5,0,0
1536,43,169950,3,1,0,1
1785,0,193056,3,2.5,1,0
1558,38,198000,3,1,1,1
3021,0,399630,4,2.5,0,0
1848,47,266000,4,1.5,1,1
2762,9,388000,4,2.5,1,0
1272,50,174900,3,1.5,1,0
1200,20,213000,3,1.5,0,1
1907,73,140000,3,1.5,1,0
908,19,101000,1,1,0,0
2588,13,233500,3,1.5,1,0
2149,0,184350,4,2.5,1,0
1796,0,203246,3,2.5,1,0
4210,0,597185,4,3.5,1,1
1652,20,204900,3,2,1,0
1324,7,153238,3,2,0,0
1752,6,257000,3,2.5,0,1
1202,39,136000,3,1,0,1
1540,42,100000,4,1,0,0
1242,1,149900,2,2,1,0
1760,134,187500,3,1.5,0,1
1674,1,237400,3,1.5,0,0
1236,21,168900,2,1.5,0,0
1666,0,167448,3,2.5,1,0
2052,29,129900,3,1.5,0,0
1342,41,130000,2,1,1,0
2670,9,375500,4,2.5,1,1
1280,24,118500,2,1.5,1,0
912,20,133000,2,1.5,0,0
809,55,110000,2,1,0,0
1512,14,195000,3,1.5,1,0
1014,115,79500,2,1,0,0
3685,1,546900,4,3.5,2,1
1680,3,229000,3,2,0,0
1168,22,164000,3,1.5,0,0
1632,20,235000,4,2,1,1
2151,9,289900,3,2.5,1,0
2555,1,361921,4,2.5,1,1
1331,35,132000,3,1,1,0
2415,1,405425,3,2.5,1,0
2219,1,286265,3,2.5,1,1
2530,0,259587,4,2.5,1,1
4486,176,422680,6,4,1,1
2617,0,246785,4,2.5,1,0
1716,20,170000,2,1,0,0
2576,36,325000,4,2.5,1,1
1290,15,160000,2,1.5,0,0
1500,31,160000,3,1.5,2,0
1740,49,150000,3,2,1,0
1385,16,121680,2,1.5,0,0
1408,76,265000,3,1,0,0
3284,2,585000,4,2.5,1,1
1460,110,223000,2,1,0,0
2702,10,500200,3,2.5,1,1
1916,3,240000,3,2.5,0,0
1764,33,153500,3,1.5,1,0
1568,19,190000,3,1.5,0,0
3152,2,550500,4,3.5,1,1
2151,9,289900,3,2.5,1,0
2472,0,320000,3,2.5,1,1
840,0,84950,2,1,0,0
2236,5,301500,4,2.5,1,0
2948,6,425000,4,2.5,1,0
1680,27,160000,4,1,0,1
1140,93,88200,3,1,0,0
1612,32,215000,3,2,1,0
1479,18,115000,3,1.5,0,0
1674,4,417000,3,2.5,0,1
1859,85,310000,3,1.5,0,0
2620,27,227000,5,2.5,1,0
1508,17,220000,3,2,1,0
1588,21,170000,3,1.5,0,1
2600,3,410000,4,2.5,1,1
1480,16,123000,3,1.5,1,0
2016,16,204000,3,1.5,0,1
1981,4,269900,4,2.5,1,1
2573,0,255130,4,2.5,1,0
1481,21,179900,3,1.5,1,0
1287,31,162000,3,1.5,0,1
2088,0,290900,4,2.5,1,0
2225,3,340000,3,2.5,0,1
1984,13,200000,3,2.5,1,0
2056,36,236000,4,1.5,1,1
1999,7,265000,4,2.5,1,1
1248,1,110000,5,2,1,0
1210,66,100000,3,1,2,0
1281,18,130000,2,2.5,1,0
2871,1,415000,4,2.5,1,1
2502,17,238500,4,2.5,1,1
1212,26,280000,3,1,1,1
1866,10,280000,3,2.5,1,1
1822,12,230000,3,1.5,0,1
1385,18,139920,2,1.5,0,0
2762,9,388000,4,2.5,1,0
3604,34,300000,6,3.5,1,1
4128,10,649000,3,3.5,2,0
2576,34,235000,5,3,1,1
2030,0,253605,4,2.5,1,1
2117,0,366703,3,2.5,1,0
912,19,140000,2,1.5,1,0
1566,30,185000,3,1.5,0,1
1458,116,165000,3,1.5,0,0
918,35,135000,3,1,0,0
2226,31,250000,4,2.5,1,1
1288,14,189900,3,2,0,1
2024,10,295000,4,2.5,1,1
1666,1,139900,3,2.5,0,0
912,18,135000,2,1.5,0,0
2242,37,280000,4,2.5,1,1
1448,55,101000,4,1.5,1,0
2242,1,311125,3,2.5,0,0
988,20,108000,2,1,0,0
1260,68,128500,3,1,1,0
1762,32,155800,3,1.5,0,0
1815,11,259000,3,2.5,1,0
2014,104,300000,6,1,0,0
2669,153,349900,3,3,2,0
1643,33,224000,4,1.5,1,0
1554,20,158500,2,2,3,0
1831,18,220000,3,2,1,0
1943,15,339900,3,2.5,1,1
1368,32,117000,3,1,0,0
2553,35,262000,4,2.5,1,1
1508,20,200000,3,2,1,1
1080,73,98405,3,1.5,0,0
2110,10,225000,4,2.5,1,0
2144,19,300000,3,2.5,1,1
2226,0,290000,3,2.5,1,1
1878,1,199779,3,2.5,1,0
1620,3,129900,3,2,0,0
1478,9,153000,3,2.5,1,0
1590,10,193500,3,1.5,0,0
1747,1,172750,3,2.5,0,0
1004,9,172500,2,1,0,0
1360,0,161555,3,1.5,0,1
1758,25,153500,3,2,0,0
1561,18,177500,3,1.5,0,0
1592,9,220000,3,1.5,1,0
1479,23,171000,3,1.5,1,0
1377,3,235000,3,2.5,1,1
1234,18,90000,2,2,1,0
1323,75,189900,3,1.5,0,0
1797,3,228000,3,2,0,0
1020,36,157900,3,1,0,0
2016,1,263900,3,2.5,1,0
3212,0,317172,5,2.5,1,0
1302,18,149900,2,1.5,0,0
1616,3,214000,3,2.5,0,0
2610,103,145000,3,2,1,0
2389,14,295000,3,1.5,1,1
2310,37,289000,5,2.5,1,1
2304,14,230000,3,2.5,1,0
2237,1,213900,4,2.5,1,0
1608,28,186000,3,1.5,1,1
1040,22,125000,3,1,0,0
1850,43,189900,3,1.5,1,0
2726,1,285265,4,2.5,1,0
2323,0,217610,4,2.5,0,0
1415,3,197200,3,1.5,0,1
716,45,145000,2,1,1,0
1976,9,234900,3,2.5,0,0
1816,20,219000,3,1.5,1,1
1480,14,92000,3,1.5,1,0
1762,52,225000,4,2,0,0
1683,31,176000,4,2.5,1,0
2404,0,207300,4,2.5,1,0
3092,11,392499,4,2.5,1,1
1920,37,227000,5,2.5,1,1
1456,31,150000,3,1,0,0
1282,34,177000,4,1,0,0
3024,1,438900,4,2.5,1,0
2103,21,270000,4,2.5,1,1
2604,48,224900,4,2.5,1,1
1529,14,250000,2,2,1,0
2186,12,395000,3,2.5,0,0
1559,12,144900,2,1.5,1,0
1660,12,177000,3,2.5,1,0
1714,0,222293,3,2.5,1,0
1664,3,335000,2,2,1,1
1949,37,144900,5,2,0,0
1656,19,206000,3,1.5,0,0
3023,0,267410,3,2.5,0,0
2376,4,279900,4,2.5,1,0
1314,21,165000,2,1.5,1,1
2407,1,382090,3,2,1,1
1854,30,174900,4,1.5,1,0
2583,17,600000,4,2.5,1,1
2380,9,295000,3,2.5,1,0
1480,14,97500,2,2.5,1,0
1456,32,164000,3,1,0,0
1248,14,204000,3,1.5,0,0
2206,10,205000,4,3,0,1
2300,19,245000,5,2.5,1,1
1752,1,189900,4,2.5,0,0
1368,36,150000,3,1,1,0
2625,0,422145,4,2.5,1,0
1700,1,249900,3,2,1,0
1785,0,190555,3,3,1,0
2319,8,280000,4,2.5,1,0
1480,20,155500,3,1.5,1,1
2636,39,267000,4,2.5,1,1
1560,10,182900,4,2,0,0
912,17,93000,2,1.5,0,0
1785,1,187065,3,2.5,0,0
2838,1,291347,4,2.5,1,0
1518,11,158000,3,2.5,0,1
1224,36,150000,3,1,1,0
1290,14,130000,3,1.5,1,0
1559,30,209000,3,1.5,1,1
990,29,80000,3,1,0,0
1692,50,168900,4,2,1,0
1732,45,224900,4,2,0,1
1648,33,154900,3,1.5,0,0
1729,36,182000,4,1.5,1,1
728,22,98300,2,1,0,0
2499,17,360000,4,3,1,1
1561,16,149900,3,1.5,0,0
1152,59,80000,3,1,1,0
2310,31,190000,4,2.5,1,0
2395,38,216900,3,1.5,1,0
3026,1,515000,4,4,1,1
1296,16,180900,2,1.5,0,0
1599,57,150000,3,1,0,0
929,21,127000,2,1.5,0,0
1120,40,100000,3,1,0,0
2652,40,264900,5,3.5,1,1
3124,5,480000,4,2.5,1,0
1632,24,206000,3,2,0,0
1878,6,354900,3,2,1,1
1498,1,135900,2,2.5,1,0
1214,17,115500,2,1.5,0,0
3018,1,360116,4,2.5,1,1
1288,14,189900,3,2,0,1
2390,9,392000,3,2.5,1,1
2068,33,182500,3,1.5,0,0
1632,103,145000,3,1.5,0,0
3032,1,260900,4,3,1,0
1368,34,95000,2,1,0,0
1431,34,140000,3,1.5,0,0
2284,21,250000,4,2.5,1,0
2080,3,269000,4,2.5,1,1
1240,65,325000,3,1,0,1
1528,1,199425,3,2,0,0
2299,12,268500,4,2.5,1,0
2491,0,264430,4,2.5,1,0
1599,30,172000,4,2.5,1,0
1366,3,139500,3,1.5,0,0
1512,14,163500,3,2,0,1
2178,1,259900,4,2.5,0,0
1536,12,160000,3,1.5,0,0
936,59,20000,2,1,0,0
2652,40,221000,5,2.5,1,0
1674,31,175000,3,2,1,0
1564,15,222500,3,2,1,1
1266,74,80000,3,1,1,0
1480,22,169700,3,1.5,0,1
1120,16,165000,2,1.5,1,0
1921,0,225900,3,2.5,1,0
1910,19,209900,4,2.5,1,0
2310,18,325000,3,2.5,0,1
2711,1,342202,4,2.5,1,1
1807,29,225000,3,1.5,1,1
864,39,225000,3,1.5,0,1
2707,1,321900,4,3,0,0
3867,6,370000,4,2.5,1,0
1381,14,190000,3,2.5,0,0
1772,0,187900,3,2,1,0
1120,129,139900,3,1,0,0
3853,5,525000,4,2.5,1,0
2680,32,270145,4,2.5,1,1
1864,31,250000,4,1.5,1,1
2286,4,210542,3,2.5,1,0
3542,1,486000,4,3.5,1,1
840,3,171720,2,1,1,1
2004,15,269000,3,2.5,1,0
2094,8,360000,4,2.5,1,1
1480,16,64500,2,2.5,1,0
2653,10,358000,4,2.5,0,0
1675,18,380000,2,2.5,1,1
2924,0,312900,4,2.5,1,0
2514,12,410000,3,2.5,1,1
1832,9,275000,3,3,1,1
1711,112,165000,3,1,0,1
2100,10,196000,3,2.5,1,0
2680,1,273495,4,2.5,0,0
1140,76,380000,3,2,0,1
1946,8,189500,4,2,1,0
1920,16,190400,3,1.5,1,0
2735,10,275000,4,2.5,1,0
1796,27,250000,3,1.5,1,1
1072,11,126000,2,1,1,0
2619,4,300000,4,2.5,1,0
1619,46,187000,4,1.5,1,0
1120,15,145000,3,1,0,0
3210,15,425000,3,2.5,1,1
2343,18,292000,4,2.5,1,1
1368,36,149900,3,2,0,0
2226,16,226000,4,2.5,1,0
2012,17,255000,3,3,1,0
1802,5,259000,3,2.5,1,0
1760,17,210000,4,2,1,1
2274,16,335000,4,2.5,1,1
1632,31,225000,4,2.5,1,1
1200,11,193000,3,2,0,0
2702,1,349821,4,2.5,1,0
1852,147,118000,4,1,0,0
2608,32,188500,4,2.5,1,0
2136,0,291500,3,2.5,0,0
2384,105,165777,4,1.5,1,1
1806,0,192300,3,2.5,1,0
2931,12,370000,4,3.5,1,0
2966,1,334240,4,3,1,1
2600,1,232091,4,3,1,0
1733,18,169000,3,1.5,0,0
2256,90,400000,4,3,1,1
2361,16,234500,3,2.5,1,0
1812,11,145000,3,1.5,0,1
1612,15,230000,3,2,1,0
2284,18,329900,4,2.5,1,1
1298,21,160000,2,1.5,1,1
1898,11,231000,3,2.5,1,0
1008,24,140000,2,1,0,0
1185,53,227500,3,1,0,0
2693,39,247000,4,2.5,1,0
2087,6,285000,3,2,1,0
1674,1,223703,3,2.5,1,1
1872,31,144000,4,1.5,1,0
1461,85,158000,3,1,0,0
1680,10,175000,3,1.5,0,1
1960,11,221000,4,2.5,1,1
1480,16,164000,3,2.5,1,1
1102,42,138500,2,1,1,1
1579,5,260100,3,1.5,0,1
1480,18,143000,3,1.5,0,1
1184,20,123500,2,1.5,0,0
1288,39,195000,3,1.5,0,0
1560,18,175000,3,1.5,1,0
2950,0,311190,4,2.5,1,1
1938,25,269900,4,2.5,1,1
1664,39,200000,3,2,1,0
2191,28,188000,4,2.5,1,0
3351,9,585000,4,2.5,1,1
1892,25,154400,3,2,2,0
2038,13,313000,3,2.5,1,1
3040,0,386096,4,2.5,1,1
3046,40,269500,4,2.5,1,1
1480,15,110500,2,2.5,0,0
1716,14,209000,4,2,0,1
1704,17,202500,3,2.5,1,0
1561,17,161500,3,1.5,0,0
1880,0,192000,3,2.5,1,0
3020,0,362360,4,2.5,1,0
2526,7,374900,4,2.5,1,1
1300,15,202000,3,1.5,0,0
1349,64,140000,3,1.5,0,0
1844,5,245000,3,2.5,0,0
2170,4,285000,3,2.5,1,0
912,18,100000,2,1.5,0,0
1628,18,176000,3,2.5,1,0
2680,1,315513,4,2.5,1,0
3015,3,310500,5,2.5,1,0
945,19,138500,2,1,0,0
1219,20,148000,2,2,0,1
1440,53,150000,3,1,0,0
1401,26,158000,3,2,1,0
1889,19,240000,3,2,1,0
1348,7,225000,3,2,0,1
2384,16,555000,3,2.5,1,1
2872,37,295000,4,2.5,1,0
1910,0,217905,3,2,1,0
2572,9,315000,4,2.5,1,1
1184,20,134000,3,2,0,0
824,124,138786,2,1,0,0
2044,18,210000,4,2.5,1,0
1730,5,275100,3,2.5,1,1
1200,11,199900,3,1.5,0,0
2499,16,249900,4,2.5,1,0
1700,0,202289,3,2.5,1,0
1498,59,155000,2,1,1,0
2564,43,265000,4,2.5,1,1
1298,106,84500,3,1,0,0
1184,19,148500,2,1.5,0,0
1800,37,110000,4,2,0,0
2900,0,254900,4,2.5,1,0
1592,18,174900,3,1.5,0,0
2244,1,239505,3,2.5,1,0
1492,16,123500,3,2.5,1,0
957,50,115000,3,1,0,0
2061,1,292140,4,2,1,0
2424,19,375000,4,2.5,1,1
2120,14,321000,4,2.5,0,1
1666,0,169900,3,2.5,1,0
1762,34,222900,4,1.5,1,1
3074,0,399900,4,2.5,1,0
1217,16,119000,2,1.5,0,0
2932,31,400000,4,2.5,1,1
1232,14,150000,2,1.5,1,0
1376,74,284000,3,2.5,1,0
1170,28,100000,3,1.5,1,0
2240,3,245000,3,2.5,1,0
1280,183,264900,1,1,0,1
2229,158,222000,4,2,2,1
2523,1,260211,4,3,1,0
1388,10,165000,3,2,0,0
1138,18,146500,2,1,1,0
1786,0,147543,3,2.5,0,0
1036,36,185000,2,1.5,0,1
1730,0,193705,3,2.5,1,0
938,49,80000,2,1,1,0
1836,0,281045,3,2,1,1
2186,17,280000,4,3,1,1
2328,1,225896,3,2.5,1,0
2425,0,228200,4,2.5,1,0
2278,15,229900,4,2.5,1,1
2400,26,310000,4,2,2,0
1530,16,27500,3,2,0,0
1592,31,189000,3,1.5,1,0
2690,0,263000,3,2.5,1,0
1918,18,170000,5,2,1,0
1836,0,177895,3,2.5,1,0
1232,18,194737,2,1.5,0,0
1914,0,220980,3,2,0,0
1152,41,169900,4,1,0,0
2028,19,149900,4,2,0,0
1042,48,108000,2,2,1,0
1664,34,150000,3,1.5,0,0
1480,16,147000,3,1.5,1,0
1216,51,150000,3,1,1,0
1486,17,205500,3,1.5,1,0
1850,15,490000,3,2.5,1,1
1276,26,140000,2,2,1,0
962,42,162866,3,1,0,1
2004,0,209505,3,2.5,1,0
1302,18,175000,2,1.5,0,1
3386,0,333126,4,2.5,2,0
1420,11,157000,3,1.5,0,0
1132,19,136000,3,2,0,0
1350,25,185000,4,2,1,0
1480,15,145200,2,2.5,1,0
1240,93,450000,3,1,0,1
912,19,84000,2,1.5,0,0
1288,4,175000,3,2.5,0,0
1568,76,89000,4,1,1,0
1480,19,120000,3,1.5,0,0
1792,25,205500,2,2.5,1,1
1510,19,189500,3,2,0,0
1253,16,152000,2,1.5,1,0
2110,15,252000,3,1.5,1,0
2747,34,240000,4,3.5,2,0
2288,15,297900,3,2.5,1,1
1672,34,195900,3,0,1,1
2760,7,399000,3,2.5,0,1
1200,26,144000,3,1.5,1,0
1920,16,198000,4,2.5,1,0
1480,20,154000,3,1.5,0,0
1380,1,234000,2,2,1,0
3090,2,430000,4,2.5,1,1
960,123,120000,3,1,0,0
2460,155,145000,3,1,0,0
2545,0,274530,4,2.5,1,0
1862,107,152000,4,2,0,0
1536,7,167500,3,2.5,0,0
1537,3,207000,3,2.5,0,0
1392,4,360000,3,2.5,0,1
1631,32,136000,4,1,1,0
1061,48,128000,3,1,1,0
4367,0,579000,5,4.5,2,1
912,85,137900,3,1,0,0
1392,46,116000,2,1,1,0
1696,5,176500,3,2.5,1,0
1783,1,294605,3,2.5,0,0
1508,17,158900,3,1.5,1,0
3356,6,448000,4,2.5,1,0
2501,0,231016,4,2.5,0,0
1426,7,192000,3,2.5,0,0
2057,15,219000,4,2.5,1,0
2820,0,351590,4,3,1,1
1301,12,133700,3,1.5,1,0
816,64,152500,2,1,0,0
1680,3,233000,3,2.5,1,1
912,20,116000,2,1.5,0,0
4086,10,385000,4,3.5,3,0
1302,124,75500,3,2,0,0
1955,1,217000,3,2.5,1,0
1326,7,149900,4,2,0,0
3622,24,430000,4,3,1,0
2172,11,315000,3,2.5,1,0
2274,12,245000,4,2.5,1,0
828,32,94250,3,1,0,0
3133,1,340916,4,3,1,0
1184,21,159900,3,2,0,0
1412,15,183000,3,2,1,1
864,44,179000,2,1,0,0
1480,15,90000,3,1.5,0,0
1479,19,151000,3,1.5,0,1
1016,38,121500,3,1,0,0
2496,34,168000,4,2,1,0
1744,123,120000,4,1,0,0
2498,1,276550,4,2.5,1,0
1462,8,249000,3,2,1,1
1840,35,140000,4,1.5,1,0
1240,16,127500,3,2,1,0
1104,34,125000,4,1,1,0
1480,20,152000,3,1.5,0,1
1323,13,226000,3,1.5,0,0
2244,1,239505,3,2.5,1,0
2436,10,300000,4,2.5,1,0
2052,7,155000,3,1.5,0,0
1296,16,122000,2,2.5,0,0
1032,21,118000,2,1,1,0
1464,88,141000,2,1,0,0
1980,7,306000,3,2.5,1,1
2154,0,226660,3,2.5,1,0
1683,30,230000,4,2.5,1,0
2577,1,282000,4,2.5,1,0
1268,26,165000,3,1.5,1,0
1634,26,245500,3,1.5,0,1
2080,31,194000,4,2.5,1,0
2119,16,224900,4,2.5,1,0
1896,116,289500,3,1,0,1
1508,15,173040,3,2,1,0
1760,135,212000,4,3,0,1
1244,12,174500,2,1.5,1,0
1631,16,186500,3,2,1,0
1512,12,263000,3,2,1,1
1176,57,130000,3,1,0,0
1762,0,198255,3,2.5,1,1
988,19,133000,2,2,0,0
1908,16,375000,3,2,1,0
1052,15,175000,2,1.5,1,0
2362,33,299900,4,3,0,1
1550,12,282500,2,2.5,1,0
2612,32,260000,4,2.5,1,1
3081,1,360530,4,2.5,1,1
1651,104,345000,3,1,0,1
1242,103,77000,3,1,0,0
2082,35,221000,4,1.5,0,0
1750,1,185113,3,2.5,1,0
1868,13,285000,3,2.5,1,1
2184,17,100000,5,2,0,0
1864,35,208000,4,2.5,1,0
1804,36,212000,4,2.5,1,0
1500,21,220000,3,1.5,0,1
1239,88,60000,3,1,0,0
1184,20,141700,3,2,1,0
908,20,109000,2,1,0,0
1480,16,100000,3,1.5,1,0
1242,1,141500,2,2,1,0
2476,22,253000,4,2.5,1,0
1798,12,199000,4,1.5,0,0
2120,3,260000,4,2.5,1,1
1650,7,232000,3,2.5,1,0
852,133,125000,2,1.5,0,0
2809,2,400000,4,2.5,0,1
1360,53,170000,4,1,0,0
1652,5,324000,3,1.5,1,0
2437,1,322692,4,2.5,1,1
1971,7,235000,4,2.5,1,0
1430,41,157000,3,2,0,0
1383,153,97000,3,2,0,0
1500,6,200000,3,2.5,0,0
1716,37,250000,3,2,1,1
1291,21,147000,3,2,1,0
2216,8,295500,3,2.5,1,1
1362,13,169900,3,1,0,0
1666,38,222000,4,1.5,0,1
3106,1,618000,4,3.5,1,1
1452,26,142000,3,2.5,1,0
1838,33,154900,4,1.5,1,0
2955,5,356000,4,2.5,1,1
1242,1,152673,2,2,1,1
2277,1,234900,4,2.5,0,0
1484,9,129000,3,2.5,1,0
1577,19,180000,3,1.5,1,0
3142,15,345000,4,2.5,1,1
1040,4,130900,2,1,0,0
1304,77,95000,2,1,0,0
2170,3,285000,3,2.5,1,1
1298,20,146000,2,1.5,1,0
2044,20,265000,3,2.5,1,1
2051,3,316500,4,2.5,1,1
1870,49,210000,3,3,1,0
3279,6,420000,4,3,1,0
1155,60,225000,4,1,0,1
2504,0,255000,4,2.5,1,0
2328,10,235000,4,2.5,1,0
2310,38,215900,5,2.5,1,0
2120,8,314000,4,2.5,1,1
2224,1,209737,4,2.5,1,0
1613,6,273000,3,2.5,0,1
1344,13,165000,4,2,0,1
1490,15,165000,3,2.5,0,0
2146,135,465000,3,1.5,0,1
1796,14,203000,3,2.5,1,1
1820,0,186900,3,2.5,1,0
1876,24,175000,3,2.5,1,0
1144,66,115000,2,1,0,0
1780,20,289900,3,2.5,1,0
1682,18,150000,3,1.5,1,0
1152,26,110000,3,1.5,1,0
2326,116,112000,3,2,0,0
2244,0,259289,4,2.5,1,0
1301,14,175900,3,1.5,1,0
2760,30,350000,4,2.5,1,1
624,49,80000,2,1,0,0
2265,1,286105,4,2.5,1,0
945,18,183340,2,1,0,1
1596,50,105000,4,1,0,0
1632,19,189900,3,2.5,1,0
2581,1,320000,4,2.5,1,1
1120,1,128265,3,2,0,0
2282,11,295000,4,1.5,1,1
2312,0,222975,4,2.5,0,0
1910,34,270000,4,2.5,1,1
1248,17,140900,3,1.5,1,0
2261,0,375757,3,2,1,1
2002,15,242000,3,2.5,1,0
2796,2,412000,4,2.5,1,1
1480,16,129900,2,2.5,1,0
2556,19,367000,4,2.5,1,0
1605,1,135000,3,2.5,1,0
3721,14,659900,5,2.5,1,1
1822,14,267500,3,2,0,1
1962,47,159000,4,1.5,1,0
1224,63,232000,2,1,0,0
1094,1,184000,3,1,0,0
1640,50,302900,3,1,0,0
2340,6,279900,4,3.5,1,0
1590,17,363900,2,2.5,1,1
3258,1,426675,4,3,1,0
2066,2,360000,3,2.5,1,1
936,25,135000,2,1.5,1,0
1816,10,269000,4,2.5,1,1
1480,14,114900,2,2.5,1,0
840,0,87260,2,1,0,0
2079,11,209000,3,2.5,0,0
1944,11,211000,4,2.5,0,0
1479,21,115000,3,1.5,1,0
1508,19,184900,3,1.5,0,1
1910,19,175000,4,2.5,1,0
1110,124,91190,4,1,0,1
1796,6,268000,3,2.5,1,1
840,2,158510,2,1,0,1
2604,1,392320,4,2.5,1,1
1671,27,145000,3,1.5,0,0
936,35,159000,3,1,0,0
980,13,160000,1,1,1,0
1256,134,95000,3,2,0,0
872,29,51900,2,1.5,0,0
2686,0,357500,4,2.5,1,1
1480,16,130000,2,2.5,1,0
1460,11,137500,3,2,0,0
2718,5,436023,4,2.5,1,0
1096,67,160000,3,1,0,1
1202,18,130000,2,1.5,0,0
1184,20,123500,2,1.5,0,0
1160,84,280000,3,1.5,0,0
3147,8,445000,3,2.5,1,1
1184,21,159900,3,2,0,0
2620,3,270000,4,2.5,1,0
1620,4,375000,3,2.5,0,1
908,17,126000,2,1,0,0
888,57,119900,3,1,0,1
1674,38,211000,3,2,0,1
2320,16,266000,4,2.5,1,0
1584,30,191500,3,1.5,0,0
2931,22,580000,4,2.5,1,1
1861,1,363000,3,2,1,1
1270,16,116500,3,1.5,1,0
2676,32,211650,4,2.5,1,0
1510,115,218500,3,1,0,1
2352,17,290000,3,2.5,2,0
1032,22,150000,2,1,0,1
1820,35,154500,4,1.5,0,0
1799,126,125000,3,1,1,0
1216,19,218000,2,2,1,1
1344,13,130000,3,2,0,0
1202,14,139525,2,1.5,1,0
960,15,171600,3,1,0,1
1242,0,146955,2,2,1,0
2896,95,155000,4,1.5,1,1
1561,17,230000,3,1.5,0,1
2024,135,260000,5,2,0,1
1644,105,195000,3,2,0,0
1368,35,175000,3,1,0,0
1664,25,168900,3,2,1,0
1616,27,225570,3,3,1,1
1242,0,159900,2,2,1,0
2890,1,383055,4,2.5,1,0
1656,103,61481,4,1,0,0
1742,48,175000,3,2,1,0
1300,10,121000,3,1,0,0
1248,70,150000,3,1.5,0,0
1983,39,218500,4,2.5,1,1
1375,22,116500,2,1.5,0,0
3096,0,328475,4,2.5,1,0
1276,26,140000,2,2,1,0
1456,1,179900,3,2,1,0
2413,3,329000,4,1.5,1,1
1664,33,234900,3,2,1,0
2220,6,357450,4,2,1,1
1698,39,178500,2,3,1,0
1237,19,142000,2,1.5,1,1
1148,12,152500,2,1,0,0
3867,6,370000,4,2.5,1,0
1852,1,150000,4,2,0,0
1548,85,135000,3,1.5,0,0
2171,0,233349,3,2.5,1,0
1785,0,197141,3,2,0,0
1561,19,229900,3,1.5,0,1
2496,1,356500,4,2.5,1,1
2310,39,260000,5,2.5,1,1
1600,3,200000,3,2.5,0,0
1602,25,163255,2,1.5,1,0
988,22,159000,2,2,0,0
2206,13,215000,4,2.5,1,0
1302,17,107500,2,1.5,0,0
1280,26,135000,2,1.5,1,0
2023,16,225000,3,2.5,1,0
3169,0,391035,4,2.5,1,0
2064,75,168500,2,2,0,1
1890,17,154000,3,1,0,0
2852,0,288110,4,2.5,1,0
2993,15,348000,4,2.5,1,1
2014,7,330000,4,2.5,1,1
1730,110,190600,3,1,0,1
2480,4,277000,4,2.5,1,1
1184,18,122500,2,1.5,0,0
896,28,126000,2,1,0,1
1623,36,183000,4,1.5,1,1
2225,1,236900,3,2.5,1,0
950,154,79900,2,1.5,0,0
1356,20,176900,3,1.5,1,0
1060,117,95000,4,1,0,0
2132,25,227000,3,2.5,2,0
2003,22,271000,3,2.5,1,0
2510,0,286500,4,2.5,1,0
2206,0,227812,4,2.5,1,0
4044,0,434545,5,3.5,1,0
3126,0,329990,4,2.5,1,0
1573,17,213500,3,2,1,0
1279,36,133000,3,1,1,0
2820,0,338615,4,2.5,1,0
1508,17,214990,3,1.5,1,0
1092,35,190000,3,1.5,0,0
1844,10,335000,3,3.5,1,1
1368,33,125000,3,1,0,0
1574,88,175000,3,1,0,1
1895,1,287055,3,2,1,0
2630,1,301755,4,2.5,1,0
2723,2,650000,2,2.5,1,0
1992,37,121000,3,1,0,0
1914,32,205000,3,1.5,1,1
1807,84,310000,4,2,0,0
2010,0,209650,4,2.5,1,0
1536,115,106000,3,1,0,0
1237,18,122500,2,1.5,1,0
1945,0,277115,3,2,1,0
2143,0,396455,2,2,1,1
1896,38,159000,4,2.5,1,0
1227,115,147000,3,1,1,0
1800,15,464000,3,2.5,1,1
1785,1,185675,3,2.5,0,1
2372,2,216900,3,2,1,1
1476,9,247000,3,1.5,0,1
2714,0,246500,4,2.5,1,0
3388,17,450000,3,2.5,1,0
3044,2,640000,4,3,1,1
1008,24,140000,2,1,0,0
2953,1,349900,4,3,1,0
2579,0,302459,4,2.5,1,0
864,79,129000,3,1,0,0
1734,0,175495,3,2.5,0,0
1870,7,290000,3,3,1,0
1375,22,144200,2,1.5,0,0
2328,0,232580,3,2.5,1,0
3344,1,314000,4,3.5,1,1
1719,16,191000,3,1.5,1,0
1084,37,160000,3,1,0,0
1258,78,100700,4,1.5,0,0
1712,1,182600,4,2.5,0,1
3847,8,600000,4,2.5,1,1
1884,5,320000,3,2.5,0,1
1385,17,117900,2,1.5,1,0
2187,4,218000,4,2.5,1,0
2282,9,340000,4,2.5,1,1
2136,38,189900,4,2.5,1,0
2896,1,305000,4,2.5,1,0
2506,1,375000,4,2.5,2,1
1337,17,120000,2,1.5,1,0
1196,32,83000,4,1,1,0
1128,18,155000,2,1.5,0,0
1120,6,129900,3,2,0,0
2195,2,262000,3,2.5,0,0
1698,52,219000,4,1.5,1,1
1674,1,229828,3,2,1,1
1298,39,163000,3,1.5,0,0
1480,14,103000,2,2.5,1,0
1901,16,247000,3,2.5,1,1
2129,0,225000,4,2.5,1,0
2339,28,210000,4,2.5,1,0
2128,2,218360,2,1,0,0
988,35,129900,2,1,0,0
1960,113,79000,5,1,1,0
1896,54,170000,4,1.5,0,1
1359,0,178180,3,1.5,1,1
4297,0,695200,5,3.5,1,0
2875,0,327000,4,2.5,1,0
1797,0,165991,3,2.5,0,0
1783,40,237500,4,2.5,1,0
2523,0,224900,4,2.5,2,0
2833,21,510000,3,2.5,1,1
1344,41,172000,4,1.5,0,0
1368,28,131000,2,1.5,0,0
2270,3,260000,4,2.5,1,1
1292,4,175000,3,2,1,0
2455,2,267000,4,2.5,2,0
1184,20,145000,2,1.5,0,0
1348,38,135000,3,1.5,0,0
2511,18,292000,4,2.5,1,1
1797,0,172109,3,2.5,1,0
2549,5,262000,4,2.5,1,0
1822,15,203000,3,2.5,1,0
3017,1,415763,4,2.5,1,1
1850,16,351000,3,2.5,1,1
1544,125,173000,4,2,0,0
1184,19,145000,3,2,1,0
1056,37,186000,3,1,0,1
2048,8,295000,3,2.5,1,1
1040,15,138000,2,1,0,1
1822,14,265000,3,2,1,1
2616,1,346285,4,2.5,1,0
3358,9,415000,4,3.5,1,0
1922,39,220000,4,1.5,0,1
1534,4,300000,3,2.5,0,0
1152,33,149000,2,1.5,1,1
1917,17,300000,4,2.5,1,0
1630,9,205000,4,2.5,1,0
2310,31,205000,5,2.5,1,0
1365,15,194500,3,1.5,0,1
1362,125,196100,3,1,0,1
2592,3,460000,4,2.5,1,1
2054,8,299000,4,2.5,0,0
1176,8,159400,3,2,0,1
1603,12,206500,3,1.5,0,0
2496,5,480000,3,2.5,1,0
2472,0,349497,4,3.5,1,1
912,14,129900,2,1,0,0
768,29,170000,2,1,0,1
3059,0,268000,4,3.5,1,0
1686,32,100000,3,1.5,0,0
1184,19,110500,3,2,0,0
1320,4,186000,3,1.5,0,1
960,40,145000,3,2,0,0
1764,8,262300,3,2.5,1,1
1680,63,198500,2,2.5,0,0
1184,19,154640,3,2,0,0
2850,13,286000,4,2.5,1,1
2012,30,220000,4,2.5,1,1
1134,36,130000,3,1,0,0
1138,19,150000,2,1,1,0
1920,33,152250,3,1,1,0
3018,1,360116,4,2.5,1,1
1168,22,164900,3,1.5,1,0
1854,31,185900,4,2.5,1,0
1480,17,129000,2,2.5,0,0
1953,0,181115,3,2.5,0,0
1479,19,120000,3,1.5,0,0
1845,1,230295,4,2.5,1,0
2504,14,249900,4,2.5,1,0
2256,36,229900,3,2,1,1
3122,10,442000,4,2.5,1,1
1056,30,101000,3,2,1,0
1800,14,350000,3,2.5,1,0
1980,12,305000,3,2.5,1,1
1196,5,139000,3,1.5,0,0
2110,52,155000,3,2,1,0
3337,5,415000,4,2.5,1,1
1866,8,210000,3,2.5,0,0
1650,16,220000,3,2,1,0
1730,44,251000,3,2,1,1
1184,19,113500,3,2,0,0
912,20,138000,2,1.5,0,0
